{"name":"flow_project_84","version":"1.0.0","packages":[{"name":"flowrs","version":"1.0.0","path":null,"git":"https://github.com/flow-rs/flowrs","branch":"dev"},{"name":"flowrs-std","version":"1.0.0","path":null,"git":"https://github.com/flow-rs/flowrs-std","branch":"feature-project1"}],"flow":{"nodes":{"timer_config_node":{"node_type":"flowrs_std::nodes::value::ValueNode","type_parameters":{"I":"flowrs_std::nodes::timer::TimerNodeConfig"},"constructor":"New"},"timer_token_node":{"node_type":"flowrs_std::nodes::value::ValueNode","type_parameters":{"I":"i32"},"constructor":"New"},"debug_node":{"node_type":"flowrs_std::nodes::debug::DebugNode","type_parameters":{"I":"i32"},"constructor":"New"},"timer_node":{"node_type":"flowrs_std::nodes::timer::TimerNode","type_parameters":{"U":"i32","T":"flowrs_std::nodes::timer::SelectedTimer"},"constructor":"New"}},"connections":[{"from_node":"timer_config_node","to_node":"timer_node","to_input":"config_input","from_output":"output"},{"from_node":"timer_token_node","to_node":"timer_node","to_input":"token_input","from_output":"output"},{"from_node":"timer_node","to_node":"debug_node","to_input":"input","from_output":"token_output"}],"data":{"timer_config_node":{"value":{"duration":{"nanos":0,"secs":1}}},"timer_token_node":{"value":42}}}}